Time (s),X (m/s^2),Y (m/s^2),Z (m/s^2)
0.108,3.02,3.452,8.591
0.111,3.02,3.452,8.591
0.114,3.02,3.452,8.591
0.117,3.138,3.491,8.708
0.12,3.138,3.491,8.708
0.123,3.138,3.491,8.708
0.126,3.138,3.491,8.708
0.13,3.138,3.844,8.787
0.133,3.138,3.844,8.787
0.136,3.138,3.844,8.787
0.139,3.02,3.609,8.708
0.142,3.02,3.609,8.708
0.145,3.02,3.609,8.708
0.148,3.02,3.373,8.434
0.151,3.02,3.373,8.434
0.154,3.02,3.373,8.434
0.157,3.02,3.373,8.434
0.159,2.903,3.727,8.238
0.162,2.903,3.727,8.238
0.165,2.903,3.727,8.238
0.168,2.864,3.962,8.081
0.172,2.864,3.962,8.081
0.175,2.864,3.962,8.081
0.178,2.864,3.923,8.198
0.181,2.864,3.923,8.198
0.184,2.864,3.923,8.198
0.187,2.864,3.923,8.198
0.19,2.981,3.766,8.512
0.193,2.981,3.766,8.512
0.196,2.981,3.766,8.512
0.199,2.981,3.766,8.669
0.202,2.981,3.766,8.669
0.205,2.981,3.766,8.669
0.208,3.06,3.648,8.591
0.211,3.06,3.648,8.591
0.215,3.06,3.648,8.591
0.217,3.06,3.648,8.591
0.22,2.903,3.57,8.394
0.223,2.903,3.57,8.394
0.226,2.903,3.57,8.394
0.229,2.864,3.609,8.198
0.232,2.864,3.609,8.198
0.235,2.864,3.609,8.198
0.238,2.942,3.766,8.394
0.241,2.942,3.766,8.394
0.244,2.942,3.766,8.394
0.247,2.942,3.766,8.394
0.25,2.903,3.53,8.512
0.253,2.903,3.53,8.512
0.257,2.903,3.53,8.512
0.26,2.942,3.53,8.551
0.263,2.942,3.53,8.551
0.266,2.942,3.53,8.551
0.269,3.099,3.53,8.63
0.272,3.099,3.53,8.63
0.274,3.099,3.53,8.63
0.277,3.099,3.53,8.63
0.28,3.177,3.491,8.826
0.283,3.177,3.491,8.826
0.286,3.177,3.491,8.826
0.289,3.217,3.491,8.787
0.292,3.217,3.491,8.787
0.295,3.217,3.491,8.787
0.299,3.138,3.687,8.669
0.302,3.138,3.687,8.669
0.305,3.138,3.687,8.669
0.308,3.099,3.452,8.591
0.311,3.099,3.452,8.591
0.314,3.099,3.452,8.591
0.317,3.099,3.452,8.591
0.32,2.981,3.373,8.394
0.323,2.981,3.373,8.394
0.326,2.981,3.373,8.394
0.329,3.02,3.57,8.434
0.332,3.02,3.57,8.434
0.334,3.02,3.57,8.434
0.337,3.099,3.57,8.591
0.34,3.099,3.57,8.591
0.344,3.099,3.57,8.591
0.347,3.099,3.57,8.591
0.35,3.02,3.687,8.394
0.353,3.02,3.687,8.394
0.356,3.02,3.687,8.394
0.359,2.981,3.727,8.551
0.362,2.981,3.727,8.551
0.365,2.981,3.727,8.551
0.368,2.981,3.452,8.473
0.371,2.981,3.452,8.473
0.374,2.981,3.452,8.473
0.377,2.981,3.452,8.473
0.38,3.02,3.373,8.551
0.384,3.02,3.373,8.551
0.387,3.02,3.373,8.551
0.39,3.02,3.295,8.63
0.392,3.02,3.295,8.63
0.395,3.02,3.295,8.63
0.398,3.099,2.981,8.826
0.401,3.099,2.981,8.826
0.404,3.099,2.981,8.826
0.407,3.099,2.981,8.826
0.41,2.981,3.06,9.728
0.413,2.981,3.06,9.728
0.416,2.981,3.06,9.728
0.419,3.177,2.471,7.571
0.422,3.177,2.471,7.571
0.425,3.177,2.471,7.571
0.429,3.256,-0.902,-4.668
0.432,3.256,-0.902,-4.668
0.435,3.256,-0.902,-4.668
0.438,4.668,-1.491,-5.884
0.441,4.668,-1.491,-5.884
0.444,4.668,-1.491,-5.884
0.447,4.668,-1.491,-5.884
0.45,4.04,-2.079,-4.08
0.453,4.04,-2.079,-4.08
0.456,4.04,-2.079,-4.08
0.459,3.06,2.628,-2.589
0.462,3.06,2.628,-2.589
0.464,3.06,2.628,-2.589
0.467,1.569,3.138,-3.06
0.471,1.569,3.138,-3.06
0.474,1.569,3.138,-3.06
0.477,1.569,3.138,-3.06
0.48,-1.726,1.02,-2.118
0.483,-1.726,1.02,-2.118
0.486,-1.726,1.02,-2.118
0.489,-4.59,1.491,-1.53
0.492,-4.59,1.491,-1.53
0.495,-4.59,1.491,-1.53
0.498,-7.414,3.099,-1.255
0.501,-7.414,3.099,-1.255
0.504,-7.414,3.099,-1.255
0.507,-10.67,2.824,-0.157
0.51,-10.67,2.824,-0.157
0.514,-10.67,2.824,-0.157
0.517,-10.67,2.824,-0.157
0.52,-13.651,1.844,0.628
0.523,-13.651,1.844,0.628
0.526,-13.651,1.844,0.628
0.529,-17.77,2.471,1.844
0.532,-17.77,2.471,1.844
0.535,-17.77,2.471,1.844
0.538,-21.888,3.02,2.511
0.541,-21.888,3.02,2.511
0.544,-21.888,3.02,2.511
0.547,-25.497,2.393,3.295
0.55,-25.497,2.393,3.295
0.553,-25.497,2.393,3.295
0.557,-25.497,2.393,3.295
0.56,-17.495,29.577,28.439
0.563,-17.495,29.577,28.439
0.566,-17.495,29.577,28.439
0.569,-27.851,10.081,1.804
0.572,-27.851,10.081,1.804
0.576,-27.851,10.081,1.804
0.579,-23.379,2.197,5.06
0.582,-23.379,2.197,5.06
0.585,-23.379,2.197,5.06
0.588,-14.357,-3.373,3.883
0.591,-14.357,-3.373,3.883
0.594,-14.357,-3.373,3.883
0.598,-14.357,-3.373,3.883
0.601,-11.336,1.687,0.235
0.604,-11.336,1.687,0.235
0.607,-11.336,1.687,0.235
0.61,-4.236,3.57,3.099
0.613,-4.236,3.57,3.099
0.616,-4.236,3.57,3.099
0.619,0.981,-1.961,1.216
0.622,0.981,-1.961,1.216
0.625,0.981,-1.961,1.216
0.628,2.589,-1.608,1.334
0.631,2.589,-1.608,1.334
0.633,2.589,-1.608,1.334
0.636,2.589,-1.608,1.334
0.64,3.57,0.431,1.451
0.643,3.57,0.431,1.451
0.646,3.57,0.431,1.451
0.649,3.256,-0.628,0.667
0.652,3.256,-0.628,0.667
0.655,3.256,-0.628,0.667
0.658,0.981,-1.569,1.138
0.661,0.981,-1.569,1.138
0.664,0.981,-1.569,1.138
0.667,0.981,-1.569,1.138
0.67,-1.883,-0.392,1.491
0.673,-1.883,-0.392,1.491
0.676,-1.883,-0.392,1.491
0.679,-6.041,1.216,2.157
0.683,-6.041,1.216,2.157
0.686,-6.041,1.216,2.157
0.689,-27.341,-2.275,19.888
0.692,-27.341,-2.275,19.888
0.695,-27.341,-2.275,19.888
0.698,-14.2,2.393,12.239
0.701,-14.2,2.393,12.239
0.704,-14.2,2.393,12.239
0.707,-6.825,0.314,5.374
0.71,-6.825,0.314,5.374
0.713,-6.825,0.314,5.374
0.716,-6.825,0.314,5.374
0.719,-6.315,-0.588,3.334
0.722,-6.315,-0.588,3.334
0.726,-6.315,-0.588,3.334
0.729,-5.021,2.001,7.257
0.732,-5.021,2.001,7.257
0.735,-5.021,2.001,7.257
0.738,-7.414,-0.039,8.081
0.741,-7.414,-0.039,8.081
0.744,-7.414,-0.039,8.081
0.747,-7.414,-0.039,8.081
0.75,-6.865,-1.255,6.669
0.753,-6.865,-1.255,6.669
0.756,-6.865,-1.255,6.669
0.759,-6.943,-1.412,2.942
0.762,-6.943,-1.412,2.942
0.765,-6.943,-1.412,2.942
0.769,-6.786,-0.785,2.589
0.772,-6.786,-0.785,2.589
0.775,-6.786,-0.785,2.589
0.778,-7.178,0.275,4.55
0.781,-7.178,0.275,4.55
0.784,-7.178,0.275,4.55
0.787,-7.178,0.275,4.55
0.79,-9.493,-1.098,7.139
0.793,-9.493,-1.098,7.139
0.796,-9.493,-1.098,7.139
0.799,-6.669,-0.196,7.728
0.802,-6.669,-0.196,7.728
0.805,-6.669,-0.196,7.728
0.808,-7.139,-0.785,6.472
0.811,-7.139,-0.785,6.472
0.814,-7.139,-0.785,6.472
0.817,-7.688,0.0,5.688
0.82,-7.688,0.0,5.688
0.823,-7.688,0.0,5.688
0.826,-7.688,0.0,5.688
0.829,-7.924,-0.039,5.57
0.832,-7.924,-0.039,5.57
0.835,-7.924,-0.039,5.57
0.838,-7.139,-1.138,5.021
0.841,-7.139,-1.138,5.021
0.844,-7.139,-1.138,5.021
0.847,-6.825,-1.451,5.099
0.85,-6.825,-1.451,5.099
0.854,-6.825,-1.451,5.099
0.857,-6.825,-1.451,5.099
0.86,-7.296,-0.902,5.296
0.863,-7.296,-0.902,5.296
0.866,-7.296,-0.902,5.296
0.869,-7.492,-0.706,5.139
0.872,-7.492,-0.706,5.139
0.875,-7.492,-0.706,5.139
0.878,-7.532,-0.392,5.531
0.881,-7.532,-0.392,5.531
0.884,-7.532,-0.392,5.531
0.887,-7.532,-0.392,5.531
0.89,-7.492,-0.314,6.198
0.893,-7.492,-0.314,6.198
0.897,-7.492,-0.314,6.198
0.9,-7.178,-0.588,6.472
0.903,-7.178,-0.588,6.472
0.906,-7.178,-0.588,6.472
0.909,-7.1,-0.745,6.198
0.912,-7.1,-0.745,6.198
0.915,-7.1,-0.745,6.198
0.918,-7.453,-0.628,5.649
0.921,-7.453,-0.628,5.649
0.924,-7.453,-0.628,5.649
0.926,-7.453,-0.628,5.649
0.929,-7.532,-0.706,5.021
0.932,-7.532,-0.706,5.021
0.935,-7.532,-0.706,5.021
0.939,-7.414,-0.824,4.943
0.942,-7.414,-0.824,4.943
0.945,-7.414,-0.824,4.943
0.948,-7.375,-0.785,5.335
0.951,-7.375,-0.785,5.335
0.954,-7.375,-0.785,5.335
0.957,-7.257,-0.863,5.766
0.96,-7.257,-0.863,5.766
0.963,-7.257,-0.863,5.766
0.966,-7.257,-0.863,5.766
0.969,-7.296,-0.745,5.923
0.972,-7.296,-0.745,5.923
0.975,-7.296,-0.745,5.923
0.978,-7.453,-0.471,5.962
0.982,-7.453,-0.471,5.962
0.985,-7.453,-0.471,5.962
0.988,-7.492,-0.51,5.923
0.991,-7.492,-0.51,5.923
0.994,-7.492,-0.51,5.923
0.997,-7.492,-0.51,5.923
1.0,-7.335,-0.667,5.766
1.003,-7.335,-0.667,5.766
1.006,-7.335,-0.667,5.766
1.009,-7.296,-0.785,5.609
1.012,-7.296,-0.785,5.609
1.015,-7.296,-0.785,5.609
1.018,-7.296,-0.824,5.413
1.021,-7.296,-0.824,5.413
1.025,-7.296,-0.824,5.413
1.028,-7.335,-0.824,5.296
1.031,-7.335,-0.824,5.296
1.034,-7.335,-0.824,5.296
1.037,-7.335,-0.824,5.296
1.04,-7.453,-0.745,5.413
1.043,-7.453,-0.745,5.413
1.046,-7.453,-0.745,5.413
1.049,-7.414,-0.628,5.609
1.052,-7.414,-0.628,5.609
1.055,-7.414,-0.628,5.609
1.058,-7.335,-0.667,5.845
1.061,-7.335,-0.667,5.845
1.064,-7.335,-0.667,5.845
1.068,-7.335,-0.667,5.923
1.071,-7.335,-0.667,5.923
1.074,-7.335,-0.667,5.923
1.077,-7.335,-0.667,5.923
1.08,-7.335,-0.706,5.806
1.082,-7.335,-0.706,5.806
1.085,-7.335,-0.706,5.806
1.088,-7.414,-0.667,5.609
1.091,-7.414,-0.667,5.609
1.094,-7.414,-0.667,5.609
1.097,-7.375,-0.745,5.492
1.1,-7.375,-0.745,5.492
1.103,-7.375,-0.745,5.492
1.106,-7.375,-0.745,5.492
1.11,-7.375,-0.785,5.452
1.113,-7.375,-0.785,5.452
1.116,-7.375,-0.785,5.452
1.119,-7.296,-0.785,5.492
1.122,-7.296,-0.785,5.492
1.125,-7.296,-0.785,5.492
1.128,-7.335,-0.745,5.57
1.131,-7.335,-0.745,5.57
1.134,-7.335,-0.745,5.57
1.137,-7.453,-0.667,5.727
1.14,-7.453,-0.667,5.727
1.143,-7.453,-0.667,5.727
1.146,-7.453,-0.667,5.727
1.149,-7.375,-0.667,5.727
1.153,-7.375,-0.667,5.727
1.156,-7.375,-0.667,5.727
1.159,-7.375,-0.667,5.727
1.162,-7.375,-0.667,5.727
1.165,-7.375,-0.667,5.727
1.168,-7.335,-0.706,5.688
1.171,-7.335,-0.706,5.688
1.174,-7.335,-0.706,5.688
1.177,-7.335,-0.745,5.649
1.18,-7.335,-0.745,5.649
1.183,-7.335,-0.745,5.649
1.186,-7.335,-0.745,5.649
1.189,-7.414,-0.745,5.492
1.192,-7.414,-0.745,5.492
1.196,-7.414,-0.745,5.492
1.199,-7.375,-0.785,5.452
1.202,-7.375,-0.785,5.452
1.205,-7.375,-0.785,5.452
1.208,-7.335,-0.745,5.531
1.211,-7.335,-0.745,5.531
1.214,-7.335,-0.745,5.531
1.217,-7.335,-0.745,5.531
1.22,-7.375,-0.745,5.688
1.223,-7.375,-0.745,5.688
1.226,-7.375,-0.745,5.688
1.229,-7.335,-0.706,5.727
1.232,-7.335,-0.706,5.727
1.235,-7.335,-0.706,5.727
1.238,-7.375,-0.706,5.727
1.241,-7.375,-0.706,5.727
1.244,-7.375,-0.706,5.727
1.247,-7.414,-0.706,5.649
1.25,-7.414,-0.706,5.649
1.253,-7.414,-0.706,5.649
1.256,-7.414,-0.706,5.649
1.259,-7.335,-0.745,5.649
1.262,-7.335,-0.745,5.649
1.265,-7.335,-0.745,5.649
1.268,-7.335,-0.785,5.57
1.271,-7.335,-0.785,5.57
1.274,-7.335,-0.785,5.57
1.277,-7.335,-0.785,5.57
1.281,-7.335,-0.785,5.57
1.284,-7.335,-0.785,5.57
1.287,-7.335,-0.785,5.57
1.29,-7.335,-0.785,5.531
1.293,-7.335,-0.785,5.531
1.296,-7.335,-0.785,5.531
1.299,-7.375,-0.745,5.649
1.302,-7.375,-0.745,5.649
1.305,-7.375,-0.745,5.649
1.308,-7.414,-0.667,5.688
1.311,-7.414,-0.667,5.688
1.314,-7.414,-0.667,5.688
1.317,-7.375,-0.706,5.649
1.32,-7.375,-0.706,5.649
1.324,-7.375,-0.706,5.649
1.327,-7.375,-0.706,5.649
1.33,-7.335,-0.745,5.727
1.333,-7.335,-0.745,5.727
1.336,-7.335,-0.745,5.727
1.339,-7.335,-0.745,5.609
1.342,-7.335,-0.745,5.609
1.345,-7.335,-0.745,5.609
1.348,-7.335,-0.706,5.649
1.351,-7.335,-0.706,5.649
1.354,-7.335,-0.706,5.649
1.357,-7.375,-0.706,5.57
1.36,-7.375,-0.706,5.57
1.363,-7.375,-0.706,5.57
1.367,-7.375,-0.706,5.57
1.37,-7.335,-0.785,5.649
1.372,-7.335,-0.785,5.649
1.375,-7.335,-0.785,5.649
1.378,-7.335,-0.745,5.649
1.381,-7.335,-0.745,5.649
1.384,-7.335,-0.745,5.649
1.387,-7.335,-0.824,5.649
1.39,-7.335,-0.824,5.649
1.393,-7.335,-0.824,5.649
1.396,-7.335,-0.824,5.649
1.399,-7.375,-0.785,5.649
1.402,-7.375,-0.785,5.649
1.405,-7.375,-0.785,5.649
1.409,-7.375,-0.706,5.688
1.412,-7.375,-0.706,5.688
1.415,-7.375,-0.706,5.688
1.418,-7.375,-0.745,5.688
1.421,-7.375,-0.745,5.688
1.424,-7.375,-0.745,5.688
1.427,-7.335,-0.785,5.649
1.43,-7.335,-0.785,5.649
1.433,-7.335,-0.785,5.649
1.436,-7.335,-0.785,5.649
1.439,-7.375,-0.745,5.609
1.442,-7.375,-0.745,5.609
1.445,-7.375,-0.745,5.609
1.448,-7.375,-0.785,5.609
1.452,-7.375,-0.785,5.609
1.455,-7.375,-0.785,5.609
1.458,-7.375,-0.745,5.57
1.461,-7.375,-0.745,5.57
1.464,-7.375,-0.745,5.57
1.467,-7.375,-0.706,5.609
1.47,-7.375,-0.706,5.609
1.473,-7.375,-0.706,5.609
1.476,-7.375,-0.706,5.609
1.479,-7.335,-0.745,5.649
1.482,-7.335,-0.745,5.649
1.485,-7.335,-0.745,5.649
1.488,-7.335,-0.706,5.649
1.491,-7.335,-0.706,5.649
1.495,-7.335,-0.706,5.649
1.498,-7.375,-0.745,5.609
1.501,-7.375,-0.745,5.609
1.504,-7.375,-0.745,5.609
1.507,-7.375,-0.745,5.609
1.509,-7.375,-0.706,5.609
1.512,-7.375,-0.706,5.609
1.515,-7.375,-0.706,5.609
1.518,-7.375,-0.706,5.649
1.521,-7.375,-0.706,5.649
1.524,-7.375,-0.706,5.649
1.527,-7.335,-0.785,5.649
1.53,-7.335,-0.785,5.649
1.533,-7.335,-0.785,5.649
1.537,-7.375,-0.785,5.57
1.54,-7.375,-0.785,5.57
1.543,-7.375,-0.785,5.57
1.546,-7.375,-0.785,5.57
1.549,-7.335,-0.706,5.649
1.552,-7.335,-0.706,5.649
1.555,-7.335,-0.706,5.649
1.558,-7.335,-0.745,5.649
1.561,-7.335,-0.745,5.649
1.564,-7.335,-0.745,5.649
1.567,-7.375,-0.785,5.649
1.57,-7.375,-0.785,5.649
1.573,-7.375,-0.785,5.649
1.576,-7.375,-0.785,5.649
1.58,-7.375,-0.745,5.649
1.583,-7.375,-0.745,5.649
1.586,-7.375,-0.745,5.649
1.589,-7.375,-0.745,5.649
1.592,-7.375,-0.745,5.649
1.595,-7.375,-0.745,5.649
1.598,-7.375,-0.785,5.609
1.601,-7.375,-0.785,5.609
1.604,-7.375,-0.785,5.609
1.607,-7.375,-0.785,5.649
1.61,-7.375,-0.785,5.649
1.613,-7.375,-0.785,5.649
1.616,-7.375,-0.785,5.649
1.619,-7.335,-0.745,5.688
1.623,-7.335,-0.745,5.688
1.626,-7.335,-0.745,5.688
1.629,-7.335,-0.785,5.649
1.632,-7.335,-0.785,5.649
1.635,-7.335,-0.785,5.649
1.638,-7.335,-0.745,5.688
1.641,-7.335,-0.745,5.688
1.644,-7.335,-0.745,5.688
1.647,-7.335,-0.745,5.649
1.65,-7.335,-0.745,5.649
1.653,-7.335,-0.745,5.649
1.656,-7.335,-0.745,5.649
1.659,-7.375,-0.745,5.649
1.661,-7.375,-0.745,5.649
1.665,-7.375,-0.745,5.649
1.668,-7.375,-0.745,5.609
1.671,-7.375,-0.745,5.609
1.674,-7.375,-0.745,5.609
1.677,-7.335,-0.785,5.649
1.68,-7.335,-0.785,5.649
1.683,-7.335,-0.785,5.649
1.686,-7.335,-0.785,5.649
1.689,-7.335,-0.745,5.649
1.692,-7.335,-0.745,5.649
1.695,-7.335,-0.745,5.649
1.698,-7.375,-0.706,5.609
1.701,-7.375,-0.706,5.609
1.704,-7.375,-0.706,5.609
1.708,-7.375,-0.745,5.649
1.711,-7.375,-0.745,5.649
1.714,-7.375,-0.745,5.649
1.717,-7.375,-0.785,5.649
1.72,-7.375,-0.785,5.649
1.723,-7.375,-0.785,5.649
1.726,-7.375,-0.785,5.649
1.729,-7.375,-0.785,5.688
1.732,-7.375,-0.785,5.688
1.735,-7.375,-0.785,5.688
1.738,-7.375,-0.785,5.609
1.741,-7.375,-0.785,5.609
1.744,-7.375,-0.785,5.609
1.747,-7.375,-0.785,5.649
1.751,-7.375,-0.785,5.649
1.754,-7.375,-0.785,5.649
1.757,-7.375,-0.785,5.649
1.76,-7.414,-0.785,5.609
1.763,-7.414,-0.785,5.609
1.766,-7.414,-0.785,5.609
1.769,-7.335,-0.824,5.649
1.772,-7.335,-0.824,5.649
1.775,-7.335,-0.824,5.649
1.778,-7.335,-0.785,5.57
1.781,-7.335,-0.785,5.57
1.784,-7.335,-0.785,5.57
1.787,-7.335,-0.745,5.688
1.79,-7.335,-0.745,5.688
1.794,-7.335,-0.745,5.688
1.797,-7.335,-0.745,5.688
1.8,-7.375,-0.785,5.609
1.803,-7.375,-0.785,5.609
1.805,-7.375,-0.785,5.609
1.808,-7.335,-0.745,5.609
1.811,-7.335,-0.745,5.609
1.814,-7.335,-0.745,5.609
1.817,-7.375,-0.785,5.649
1.82,-7.375,-0.785,5.649
1.823,-7.375,-0.785,5.649
1.826,-7.335,-0.785,5.688
1.829,-7.335,-0.785,5.688
1.832,-7.335,-0.785,5.688
1.836,-7.335,-0.785,5.688
1.839,-7.335,-0.706,5.649
1.842,-7.335,-0.706,5.649
1.845,-7.335,-0.706,5.649
1.848,-7.414,-0.745,5.688
1.851,-7.414,-0.745,5.688
1.854,-7.414,-0.745,5.688
1.857,-7.375,-0.706,5.609
1.86,-7.375,-0.706,5.609
1.863,-7.375,-0.706,5.609
1.866,-7.375,-0.706,5.609
1.869,-7.335,-0.745,5.609
1.872,-7.335,-0.745,5.609
1.875,-7.335,-0.745,5.609
1.879,-7.335,-0.785,5.609
1.882,-7.335,-0.785,5.609
1.885,-7.335,-0.785,5.609
1.888,-7.375,-0.785,5.609
1.891,-7.375,-0.785,5.609
1.894,-7.375,-0.785,5.609
1.897,-7.335,-0.785,5.609
1.9,-7.335,-0.785,5.609
1.903,-7.335,-0.785,5.609
1.906,-7.335,-0.785,5.609
1.909,-7.335,-0.745,5.727
1.912,-7.335,-0.745,5.727
1.915,-7.335,-0.745,5.727
1.918,-7.414,-0.745,5.649
1.922,-7.414,-0.745,5.649
1.925,-7.414,-0.745,5.649
1.928,-7.335,-0.785,5.609
1.931,-7.335,-0.785,5.609
1.934,-7.335,-0.785,5.609
1.937,-7.375,-0.785,5.649
1.939,-7.375,-0.785,5.649
1.942,-7.375,-0.785,5.649
1.945,-7.375,-0.785,5.649
1.948,-7.375,-0.745,5.609
1.951,-7.375,-0.745,5.609
1.954,-7.375,-0.745,5.609
1.957,-7.335,-0.785,5.649
1.96,-7.335,-0.785,5.649
1.964,-7.335,-0.785,5.649
1.967,-7.335,-0.745,5.649
1.97,-7.335,-0.745,5.649
1.973,-7.335,-0.745,5.649
1.976,-7.335,-0.745,5.649
1.979,-7.375,-0.785,5.688
1.982,-7.375,-0.785,5.688
1.985,-7.375,-0.785,5.688
1.988,-7.335,-0.785,5.688
1.991,-7.335,-0.785,5.688
1.994,-7.335,-0.785,5.688
1.997,-7.375,-0.785,5.688
2.0,-7.375,-0.785,5.688
2.003,-7.375,-0.785,5.688
2.007,-7.414,-0.824,5.649
2.01,-7.414,-0.824,5.649
2.013,-7.414,-0.824,5.649
2.016,-7.414,-0.824,5.649
2.019,-7.335,-0.745,5.649
2.022,-7.335,-0.745,5.649
2.025,-7.335,-0.745,5.649
2.028,-7.375,-0.785,5.609
2.031,-7.375,-0.785,5.609
2.034,-7.375,-0.785,5.609
2.037,-7.375,-0.824,5.609
2.04,-7.375,-0.824,5.609
2.043,-7.375,-0.824,5.609
2.046,-7.375,-0.824,5.609
2.05,-7.335,-0.785,5.649
2.053,-7.335,-0.785,5.649
2.056,-7.335,-0.785,5.649
2.059,-7.375,-0.745,5.609
2.062,-7.375,-0.745,5.609
2.065,-7.375,-0.745,5.609
2.068,-7.375,-0.706,5.649
2.071,-7.375,-0.706,5.649
2.074,-7.375,-0.706,5.649
2.077,-7.375,-0.745,5.649
2.08,-7.375,-0.745,5.649
2.083,-7.375,-0.745,5.649
2.086,-7.375,-0.745,5.649
2.089,-7.335,-0.824,5.609
2.093,-7.335,-0.824,5.609
2.096,-7.335,-0.824,5.609
2.099,-7.335,-0.785,5.57
2.101,-7.335,-0.785,5.57
2.104,-7.335,-0.785,5.57
2.107,-7.335,-0.745,5.649
2.11,-7.335,-0.745,5.649
2.113,-7.335,-0.745,5.649
2.116,-7.375,-0.785,5.609
2.119,-7.375,-0.785,5.609
2.122,-7.375,-0.785,5.609
2.125,-7.375,-0.785,5.609
2.128,-7.375,-0.745,5.649
2.131,-7.375,-0.745,5.649
2.135,-7.375,-0.745,5.649
2.138,-7.375,-0.785,5.609
2.141,-7.375,-0.785,5.609
2.144,-7.375,-0.785,5.609
2.147,-7.335,-0.785,5.609
2.15,-7.335,-0.785,5.609
2.153,-7.335,-0.785,5.609
2.156,-7.335,-0.785,5.609
2.159,-7.414,-0.824,5.57
2.162,-7.414,-0.824,5.57
2.165,-7.414,-0.824,5.57
2.168,-7.375,-0.745,5.609
2.171,-7.375,-0.745,5.609
2.174,-7.375,-0.745,5.609
2.178,-7.335,-0.785,5.649
2.181,-7.335,-0.785,5.649
2.184,-7.335,-0.785,5.649
2.187,-7.375,-0.824,5.649
2.19,-7.375,-0.824,5.649
2.193,-7.375,-0.824,5.649
2.196,-7.375,-0.824,5.649
2.199,-7.375,-0.785,5.649
2.202,-7.375,-0.785,5.649
2.205,-7.375,-0.785,5.649
2.208,-7.375,-0.785,5.57
2.211,-7.375,-0.785,5.57
2.214,-7.375,-0.785,5.57
2.217,-7.335,-0.785,5.649
2.221,-7.335,-0.785,5.649
2.224,-7.335,-0.785,5.649
2.227,-7.335,-0.785,5.609
2.23,-7.335,-0.785,5.609
2.233,-7.335,-0.785,5.609
2.236,-7.335,-0.785,5.609
2.239,-7.375,-0.785,5.688
2.241,-7.375,-0.785,5.688
2.244,-7.375,-0.785,5.688
2.247,-7.375,-0.785,5.609
2.25,-7.375,-0.785,5.609
2.253,-7.375,-0.785,5.609
2.256,-7.375,-0.785,5.609
2.259,-7.375,-0.785,5.609
2.263,-7.375,-0.785,5.609
2.266,-7.375,-0.785,5.609
2.269,-7.375,-0.785,5.649
2.272,-7.375,-0.785,5.649
2.275,-7.375,-0.785,5.649
2.278,-7.375,-0.745,5.688
2.281,-7.375,-0.745,5.688
2.284,-7.375,-0.745,5.688
2.287,-7.335,-0.824,5.649
2.29,-7.335,-0.824,5.649
2.293,-7.335,-0.824,5.649
2.296,-7.375,-0.785,5.649
2.299,-7.375,-0.785,5.649
2.302,-7.375,-0.785,5.649
2.306,-7.375,-0.785,5.649
2.309,-7.375,-0.706,5.609
2.312,-7.375,-0.706,5.609
2.315,-7.375,-0.706,5.609
2.318,-7.375,-0.745,5.649
2.321,-7.375,-0.745,5.649
2.324,-7.375,-0.745,5.649
2.327,-7.375,-0.785,5.649
2.33,-7.375,-0.785,5.649
2.333,-7.375,-0.785,5.649
2.336,-7.375,-0.785,5.649
2.339,-7.375,-0.785,5.649
2.342,-7.375,-0.785,5.649
2.345,-7.375,-0.785,5.649
2.349,-7.375,-0.824,5.609
2.352,-7.375,-0.824,5.609
2.355,-7.375,-0.824,5.609
2.358,-7.335,-0.785,5.649
2.361,-7.335,-0.785,5.649
2.364,-7.335,-0.785,5.649
2.367,-7.375,-0.824,5.649
2.37,-7.375,-0.824,5.649
2.373,-7.375,-0.824,5.649
2.376,-7.375,-0.824,5.649
2.379,-7.375,-0.824,5.688
2.382,-7.375,-0.824,5.688
2.385,-7.375,-0.824,5.688
2.388,-7.375,-0.785,5.609
2.392,-7.375,-0.785,5.609
2.394,-7.375,-0.785,5.609
2.397,-7.335,-0.824,5.609
2.4,-7.335,-0.824,5.609
2.403,-7.335,-0.824,5.609
2.406,-7.335,-0.785,5.649
2.409,-7.335,-0.785,5.649
2.412,-7.335,-0.785,5.649
2.415,-7.335,-0.785,5.649
2.418,-7.335,-0.863,5.727
2.421,-7.335,-0.863,5.727
2.424,-7.335,-0.863,5.727
2.427,-7.375,-0.785,5.57
2.43,-7.375,-0.785,5.57
2.434,-7.375,-0.785,5.57
2.437,-7.335,-0.824,5.649
2.44,-7.335,-0.824,5.649
2.443,-7.335,-0.824,5.649
2.446,-7.335,-0.824,5.649
2.449,-7.375,-0.785,5.609
2.452,-7.375,-0.785,5.609
2.455,-7.375,-0.785,5.609
2.458,-7.375,-0.745,5.688
2.461,-7.375,-0.745,5.688
2.464,-7.375,-0.745,5.688
2.467,-7.335,-0.824,5.649
2.47,-7.335,-0.824,5.649
2.473,-7.335,-0.824,5.649
2.477,-7.335,-0.785,5.649
2.48,-7.335,-0.785,5.649
2.483,-7.335,-0.785,5.649
2.486,-7.335,-0.785,5.649
2.489,-7.335,-0.785,5.57
2.492,-7.335,-0.785,5.57
2.495,-7.335,-0.785,5.57
2.498,-7.375,-0.785,5.649
2.501,-7.375,-0.785,5.649
2.504,-7.375,-0.785,5.649
2.507,-7.335,-0.785,5.649
2.51,-7.335,-0.785,5.649
2.513,-7.335,-0.785,5.649
2.516,-7.375,-0.824,5.609
2.52,-7.375,-0.824,5.609
2.523,-7.375,-0.824,5.609
2.526,-7.375,-0.824,5.609
2.529,-7.375,-0.785,5.649
2.532,-7.375,-0.785,5.649
2.535,-7.375,-0.785,5.649
2.538,-7.375,-0.785,5.609
2.54,-7.375,-0.785,5.609
2.543,-7.375,-0.785,5.609
2.546,-7.335,-0.785,5.609
2.549,-7.335,-0.785,5.609
2.552,-7.335,-0.785,5.609
2.555,-7.335,-0.785,5.609
2.558,-7.335,-0.785,5.649
2.562,-7.335,-0.785,5.649
2.565,-7.335,-0.785,5.649
2.568,-7.375,-0.785,5.649
2.571,-7.375,-0.785,5.649
2.574,-7.375,-0.785,5.649
2.577,-7.414,-0.824,5.649
2.58,-7.414,-0.824,5.649
2.583,-7.414,-0.824,5.649
2.586,-7.375,-0.785,5.609
2.589,-7.375,-0.785,5.609
2.592,-7.375,-0.785,5.609
2.595,-7.375,-0.785,5.609
2.598,-7.335,-0.785,5.609
2.601,-7.335,-0.785,5.609
2.605,-7.335,-0.785,5.609
2.608,-7.375,-0.745,5.609
2.611,-7.375,-0.745,5.609
2.614,-7.375,-0.745,5.609
2.617,-7.335,-0.785,5.609
2.62,-7.335,-0.785,5.609
2.623,-7.335,-0.785,5.609
2.626,-7.335,-0.785,5.609
2.629,-7.375,-0.824,5.649
2.632,-7.375,-0.824,5.649
2.635,-7.375,-0.824,5.649
2.638,-7.375,-0.824,5.688
2.641,-7.375,-0.824,5.688
2.644,-7.375,-0.824,5.688
2.648,-7.375,-0.785,5.649
2.651,-7.375,-0.785,5.649
2.654,-7.375,-0.785,5.649
2.657,-7.414,-0.824,5.688
2.66,-7.414,-0.824,5.688
2.663,-7.414,-0.824,5.688
2.666,-7.414,-0.824,5.688
2.669,-7.414,-0.785,5.649
2.672,-7.414,-0.785,5.649
2.675,-7.414,-0.785,5.649
2.678,-7.335,-0.785,5.649
2.681,-7.335,-0.785,5.649
2.684,-7.335,-0.785,5.649
2.688,-7.335,-0.785,5.649
2.69,-7.335,-0.785,5.649
2.693,-7.335,-0.785,5.649
2.696,-7.335,-0.785,5.649
2.699,-7.335,-0.785,5.649
2.702,-7.335,-0.785,5.649
2.705,-7.335,-0.785,5.649
2.708,-7.375,-0.785,5.649
2.711,-7.375,-0.785,5.649
2.714,-7.375,-0.785,5.649
2.717,-7.335,-0.785,5.609
2.72,-7.335,-0.785,5.609
2.723,-7.335,-0.785,5.609
2.726,-7.375,-0.785,5.609
2.729,-7.375,-0.785,5.609
2.733,-7.375,-0.785,5.609
2.736,-7.375,-0.785,5.609
2.739,-7.375,-0.745,5.649
2.742,-7.375,-0.745,5.649
2.745,-7.375,-0.745,5.649
2.748,-7.375,-0.785,5.649
2.751,-7.375,-0.785,5.649
2.754,-7.375,-0.785,5.649
2.757,-7.375,-0.785,5.609
2.76,-7.375,-0.785,5.609
2.763,-7.375,-0.785,5.609
2.766,-7.414,-0.785,5.688
2.769,-7.414,-0.785,5.688
2.772,-7.414,-0.785,5.688
2.776,-7.414,-0.785,5.688
2.779,-7.375,-0.824,5.649
2.782,-7.375,-0.824,5.649
2.785,-7.375,-0.824,5.649
2.788,-7.375,-0.785,5.609
2.791,-7.375,-0.785,5.609
2.794,-7.375,-0.785,5.609
2.797,-7.335,-0.785,5.609
2.8,-7.335,-0.785,5.609
2.803,-7.335,-0.785,5.609
2.806,-7.335,-0.824,5.609
2.809,-7.335,-0.824,5.609
2.812,-7.335,-0.824,5.609
2.816,-7.335,-0.824,5.609
2.819,-7.375,-0.824,5.649
2.822,-7.375,-0.824,5.649
2.825,-7.375,-0.824,5.649
2.828,-7.375,-0.824,5.688
2.831,-7.375,-0.824,5.688
2.834,-7.375,-0.824,5.688
2.837,-7.375,-0.785,5.609
2.839,-7.375,-0.785,5.609
2.842,-7.375,-0.785,5.609
2.845,-7.375,-0.785,5.609
2.848,-7.375,-0.785,5.609
2.851,-7.375,-0.785,5.609
2.854,-7.375,-0.785,5.609
2.857,-7.375,-0.745,5.609
2.861,-7.375,-0.745,5.609
2.864,-7.375,-0.745,5.609
2.867,-7.335,-0.824,5.649
2.87,-7.335,-0.824,5.649
2.873,-7.335,-0.824,5.649
2.876,-7.375,-0.785,5.688
2.879,-7.375,-0.785,5.688
2.882,-7.375,-0.785,5.688
2.885,-7.375,-0.785,5.688
2.888,-7.375,-0.785,5.609
2.891,-7.375,-0.785,5.609
2.894,-7.375,-0.785,5.609
2.897,-7.375,-0.785,5.649
2.9,-7.375,-0.785,5.649
2.904,-7.375,-0.785,5.649
2.907,-7.375,-0.824,5.609
2.91,-7.375,-0.824,5.609
2.913,-7.375,-0.824,5.609
2.916,-7.335,-0.824,5.649
2.919,-7.335,-0.824,5.649
2.922,-7.335,-0.824,5.649
2.925,-7.335,-0.824,5.649
2.928,-7.375,-0.824,5.649
2.931,-7.375,-0.824,5.649
2.934,-7.375,-0.824,5.649
2.937,-7.335,-0.824,5.688
2.94,-7.335,-0.824,5.688
2.944,-7.335,-0.824,5.688
2.947,-7.335,-0.785,5.609
2.95,-7.335,-0.785,5.609
2.953,-7.335,-0.785,5.609
2.956,-7.335,-0.785,5.609
2.959,-7.335,-0.824,5.649
2.962,-7.335,-0.824,5.649
2.965,-7.335,-0.824,5.649
2.968,-7.335,-0.824,5.609
2.971,-7.335,-0.824,5.609
2.974,-7.335,-0.824,5.609
2.976,-7.375,-0.824,5.649
2.979,-7.375,-0.824,5.649
2.982,-7.375,-0.824,5.649
2.985,-7.375,-0.824,5.609
2.989,-7.375,-0.824,5.609
2.992,-7.375,-0.824,5.609
2.995,-7.375,-0.824,5.609
2.998,-7.414,-0.824,5.649
3.001,-7.414,-0.824,5.649
3.004,-7.414,-0.824,5.649
3.007,-7.375,-0.785,5.688
3.01,-7.375,-0.785,5.688
3.013,-7.375,-0.785,5.688
3.016,-7.375,-0.785,5.649
3.019,-7.375,-0.785,5.649
3.022,-7.375,-0.785,5.649
3.025,-7.375,-0.785,5.649
3.028,-7.375,-0.785,5.609
3.032,-7.375,-0.785,5.609
3.035,-7.375,-0.785,5.609
3.038,-7.335,-0.824,5.688
3.041,-7.335,-0.824,5.688
3.044,-7.335,-0.824,5.688
3.047,-7.375,-0.824,5.649
3.05,-7.375,-0.824,5.649
3.053,-7.375,-0.824,5.649
3.056,-7.375,-0.785,5.609
3.059,-7.375,-0.785,5.609
3.062,-7.375,-0.785,5.609
3.065,-7.375,-0.785,5.609
3.068,-7.178,-0.824,5.649
3.072,-7.178,-0.824,5.649
3.075,-7.178,-0.824,5.649
3.078,-7.178,-1.059,5.727
3.081,-7.178,-1.059,5.727
3.084,-7.178,-1.059,5.727
3.087,-7.296,-0.824,5.649
3.09,-7.296,-0.824,5.649
3.093,-7.296,-0.824,5.649
3.096,-7.375,-1.451,5.57
3.099,-7.375,-1.451,5.57
3.102,-7.375,-1.451,5.57
3.105,-7.375,-1.451,5.57
3.108,-7.728,-1.726,5.962
3.111,-7.728,-1.726,5.962
3.115,-7.728,-1.726,5.962
3.118,-6.904,0.431,5.727
3.121,-6.904,0.431,5.727
3.124,-6.904,0.431,5.727
3.127,-7.375,-0.275,5.649
3.13,-7.375,-0.275,5.649
3.133,-7.375,-0.275,5.649
3.136,-7.375,-0.275,5.649
3.138,-7.335,-0.941,5.452
3.141,-7.335,-0.941,5.452
3.144,-7.335,-0.941,5.452
3.147,-7.257,-1.02,5.688
3.15,-7.257,-1.02,5.688
3.153,-7.257,-1.02,5.688
3.156,-7.375,-0.667,6.08
3.16,-7.375,-0.667,6.08
3.163,-7.375,-0.667,6.08
3.166,-7.296,-0.902,5.766
3.169,-7.296,-0.902,5.766
3.172,-7.296,-0.902,5.766
3.175,-7.296,-0.902,5.766
3.178,-7.335,-0.902,5.727
3.181,-7.335,-0.902,5.727
3.184,-7.335,-0.902,5.727
3.187,-7.335,-0.863,5.688
3.19,-7.335,-0.863,5.688
3.193,-7.335,-0.863,5.688
3.196,-7.257,-1.02,5.531
3.2,-7.257,-1.02,5.531
3.203,-7.257,-1.02,5.531
3.206,-7.257,-1.02,5.531
3.209,-7.335,-1.02,5.649
3.212,-7.335,-1.02,5.649
3.215,-7.335,-1.02,5.649
3.218,-7.257,-0.941,5.688
3.221,-7.257,-0.941,5.688
3.224,-7.257,-0.941,5.688
3.227,-7.296,-0.941,5.649
3.23,-7.296,-0.941,5.649
3.233,-7.296,-0.941,5.649
3.236,-7.335,-0.981,5.766
3.239,-7.335,-0.981,5.766
3.243,-7.335,-0.981,5.766
3.246,-7.335,-0.981,5.766
3.249,-7.296,-0.981,5.766
3.252,-7.296,-0.981,5.766
3.255,-7.296,-0.981,5.766
3.258,-7.296,-0.981,5.649
3.261,-7.296,-0.981,5.649
3.264,-7.296,-0.981,5.649
3.267,-7.296,-0.941,5.609
3.27,-7.296,-0.941,5.609
3.272,-7.296,-0.941,5.609
3.275,-7.375,-0.902,5.57
3.278,-7.375,-0.902,5.57
3.281,-7.375,-0.902,5.57
3.284,-7.375,-0.902,5.57
3.288,-7.335,-0.902,5.649
3.291,-7.335,-0.902,5.649
3.294,-7.335,-0.902,5.649
3.297,-7.335,-0.902,5.688
3.3,-7.335,-0.902,5.688
3.303,-7.335,-0.902,5.688
3.306,-7.375,-0.902,5.688
3.309,-7.375,-0.902,5.688
3.312,-7.375,-0.902,5.688
3.315,-7.375,-0.902,5.688
3.318,-7.375,-0.902,5.649
3.321,-7.375,-0.902,5.649
3.324,-7.375,-0.902,5.649
3.328,-7.335,-0.863,5.727
3.331,-7.335,-0.863,5.727
3.334,-7.335,-0.863,5.727
3.337,-7.375,-0.863,5.649
3.34,-7.375,-0.863,5.649
3.343,-7.375,-0.863,5.649
3.346,-7.335,-0.941,5.649
3.349,-7.335,-0.941,5.649
3.352,-7.335,-0.941,5.649
3.355,-7.335,-0.941,5.649
3.358,-7.335,-0.941,5.649
3.361,-7.335,-0.941,5.649
3.364,-7.335,-0.941,5.649
3.367,-7.335,-0.941,5.57
3.371,-7.335,-0.941,5.57
3.374,-7.335,-0.941,5.57
3.377,-7.375,-0.902,5.649
3.38,-7.375,-0.902,5.649
3.383,-7.375,-0.902,5.649
3.386,-7.375,-0.902,5.649
3.389,-7.335,-0.902,5.649
3.392,-7.335,-0.902,5.649
3.395,-7.335,-0.902,5.649
3.398,-7.296,-0.941,5.649
3.4,-7.296,-0.941,5.649
3.403,-7.296,-0.941,5.649
3.406,-7.296,-1.02,5.649
3.409,-7.296,-1.02,5.649
3.412,-7.296,-1.02,5.649
3.416,-7.335,-0.981,5.649
3.419,-7.335,-0.981,5.649
3.422,-7.335,-0.981,5.649
3.425,-7.335,-0.981,5.649
3.428,-7.335,-0.941,5.57
3.431,-7.335,-0.941,5.57
3.434,-7.335,-0.941,5.57
3.437,-7.335,-0.902,5.609
3.44,-7.335,-0.902,5.609
3.443,-7.335,-0.902,5.609
3.446,-7.296,-0.981,5.649
3.449,-7.296,-0.981,5.649
3.452,-7.296,-0.981,5.649
3.456,-7.296,-0.981,5.688
3.459,-7.296,-0.981,5.688
3.462,-7.296,-0.981,5.688
3.465,-7.296,-0.981,5.688
3.468,-7.296,-0.981,5.727
3.471,-7.296,-0.981,5.727
3.474,-7.296,-0.981,5.727
3.477,-7.178,-1.138,5.649
3.48,-7.178,-1.138,5.649
3.483,-7.178,-1.138,5.649
3.486,-7.296,-0.981,5.649
3.489,-7.296,-0.981,5.649
3.492,-7.296,-0.981,5.649
3.495,-7.296,-0.981,5.649
3.499,-7.375,-0.902,5.492
3.502,-7.375,-0.902,5.492
3.505,-7.375,-0.902,5.492
3.508,-7.335,-0.981,5.413
3.511,-7.335,-0.981,5.413
3.514,-7.335,-0.981,5.413
3.517,-7.767,-2.157,5.492
3.52,-7.767,-2.157,5.492
3.523,-7.767,-2.157,5.492
3.526,-7.571,-0.941,5.492
3.529,-7.571,-0.941,5.492
3.532,-7.571,-0.941,5.492
3.535,-7.571,-0.941,5.492
3.538,-5.452,1.373,7.963
3.542,-5.452,1.373,7.963
3.545,-5.452,1.373,7.963
3.548,-7.335,-1.216,5.413
3.55,-7.335,-1.216,5.413
3.553,-7.335,-1.216,5.413
3.556,-7.139,-0.471,5.649
3.559,-7.139,-0.471,5.649
3.562,-7.139,-0.471,5.649
3.565,-7.218,-0.863,5.296
3.568,-7.218,-0.863,5.296
3.571,-7.218,-0.863,5.296
3.574,-7.218,-0.863,5.296
3.577,-7.218,-0.785,5.452
3.58,-7.218,-0.785,5.452
3.584,-7.218,-0.785,5.452
3.587,-7.453,-0.824,5.609
3.59,-7.453,-0.824,5.609
3.593,-7.453,-0.824,5.609
3.596,-7.453,-1.216,5.531
3.599,-7.453,-1.216,5.531
3.602,-7.453,-1.216,5.531
3.605,-7.453,-1.216,5.531
3.608,-7.649,-1.451,5.492
3.611,-7.649,-1.451,5.492
3.614,-7.649,-1.451,5.492
3.617,-7.375,-1.098,5.766
3.62,-7.375,-1.098,5.766
3.623,-7.375,-1.098,5.766
3.627,-7.178,-0.941,5.727
3.63,-7.178,-0.941,5.727
3.633,-7.178,-0.941,5.727
3.636,-7.453,-1.294,5.57
3.639,-7.453,-1.294,5.57
3.642,-7.453,-1.294,5.57
3.645,-7.453,-1.294,5.57
3.648,-7.296,-1.216,5.688
3.651,-7.296,-1.216,5.688
3.654,-7.296,-1.216,5.688
3.657,-7.139,-1.687,5.649
3.66,-7.139,-1.687,5.649
3.663,-7.139,-1.687,5.649
3.666,-7.453,-1.648,5.766
3.67,-7.453,-1.648,5.766
3.673,-7.453,-1.648,5.766
3.676,-7.571,-1.255,5.806
3.679,-7.571,-1.255,5.806
3.682,-7.571,-1.255,5.806
3.685,-7.571,-1.255,5.806
3.688,-7.532,-0.981,5.923
3.691,-7.532,-0.981,5.923
3.694,-7.532,-0.981,5.923
3.697,-7.492,-0.981,5.806
3.7,-7.492,-0.981,5.806
3.703,-7.492,-0.981,5.806
3.706,-7.492,-1.02,5.727
3.709,-7.492,-1.02,5.727
3.713,-7.492,-1.02,5.727
3.716,-7.492,-1.02,5.727
3.718,-7.61,-0.667,5.806
3.721,-7.61,-0.667,5.806
3.724,-7.61,-0.667,5.806
3.727,-7.571,-0.51,5.688
3.73,-7.571,-0.51,5.688
3.733,-7.571,-0.51,5.688
3.736,-7.257,-0.628,5.609
3.739,-7.257,-0.628,5.609
3.742,-7.257,-0.628,5.609
3.745,-7.218,-1.138,5.609
3.748,-7.218,-1.138,5.609
3.751,-7.218,-1.138,5.609
3.755,-7.218,-1.138,5.609
3.758,-7.335,-1.216,5.609
3.761,-7.335,-1.216,5.609
3.764,-7.335,-1.216,5.609
3.767,-7.453,-1.491,5.766
3.77,-7.453,-1.491,5.766
3.773,-7.453,-1.491,5.766
3.776,-7.532,-1.373,5.806
3.779,-7.532,-1.373,5.806
3.782,-7.532,-1.373,5.806
3.785,-7.375,-1.373,5.766
3.788,-7.375,-1.373,5.766
3.791,-7.375,-1.373,5.766
3.794,-7.375,-1.373,5.766
3.798,-7.414,-1.412,5.727
3.801,-7.414,-1.412,5.727
3.804,-7.414,-1.412,5.727
3.807,-7.375,-1.216,5.845
3.81,-7.375,-1.216,5.845
3.813,-7.375,-1.216,5.845
3.816,-7.453,-0.824,6.002
3.819,-7.453,-0.824,6.002
3.822,-7.453,-0.824,6.002
3.825,-7.453,-0.824,6.002
3.828,-7.453,-0.824,6.198
3.831,-7.453,-0.824,6.198
3.834,-7.453,-0.824,6.198
3.837,-7.688,-0.863,6.433
3.841,-7.688,-0.863,6.433
3.844,-7.688,-0.863,6.433
3.847,-8.041,-1.098,6.551
3.85,-8.041,-1.098,6.551
3.853,-8.041,-1.098,6.551
3.856,-8.002,-1.02,6.472
3.859,-8.002,-1.02,6.472
3.862,-8.002,-1.02,6.472
3.864,-8.002,-1.02,6.472
3.867,-7.767,-0.628,6.394
3.87,-7.767,-0.628,6.394
3.873,-7.767,-0.628,6.394
3.876,-7.688,-0.51,6.237
3.879,-7.688,-0.51,6.237
3.883,-7.688,-0.51,6.237
3.886,-7.61,-1.02,6.315
3.889,-7.61,-1.02,6.315
3.892,-7.61,-1.02,6.315
3.895,-7.61,-1.02,6.315
3.898,-7.806,-1.334,6.747
3.901,-7.806,-1.334,6.747
3.904,-7.806,-1.334,6.747
3.907,-8.238,-1.491,7.218
3.91,-8.238,-1.491,7.218
3.913,-8.238,-1.491,7.218
3.916,-8.316,-1.294,7.453
3.919,-8.316,-1.294,7.453
3.922,-8.316,-1.294,7.453
3.926,-8.041,-0.745,7.453
3.929,-8.041,-0.745,7.453
3.932,-8.041,-0.745,7.453
3.935,-8.041,-0.745,7.453
3.938,-7.728,-0.628,7.492
3.941,-7.728,-0.628,7.492
3.944,-7.728,-0.628,7.492
3.947,-7.767,-0.785,7.767
3.95,-7.767,-0.785,7.767
3.953,-7.767,-0.785,7.767
3.956,-7.688,-0.941,7.571
3.959,-7.688,-0.941,7.571
3.962,-7.688,-0.941,7.571
3.965,-7.296,-0.667,7.414
3.969,-7.296,-0.667,7.414
3.972,-7.296,-0.667,7.414
3.975,-7.296,-0.667,7.414
3.978,-6.904,-0.392,7.139
3.981,-6.904,-0.392,7.139
3.984,-6.904,-0.392,7.139
3.987,-6.865,-0.588,7.218
3.99,-6.865,-0.588,7.218
3.993,-6.865,-0.588,7.218
3.996,-6.786,-0.785,7.649
3.999,-6.786,-0.785,7.649
4.002,-6.786,-0.785,7.649
4.004,-6.786,-0.785,7.649
4.007,-6.669,-0.471,7.296
4.011,-6.669,-0.471,7.296
4.014,-6.669,-0.471,7.296
4.017,-6.433,-0.471,7.61
4.02,-6.433,-0.471,7.61
4.023,-6.433,-0.471,7.61
4.026,-6.159,-0.549,6.59
4.029,-6.159,-0.549,6.59
4.032,-6.159,-0.549,6.59
4.035,-5.806,-0.431,6.865
4.038,-5.806,-0.431,6.865
4.041,-5.806,-0.431,6.865
4.044,-5.806,-0.431,6.865
4.047,-5.335,-0.118,7.335
4.05,-5.335,-0.118,7.335
4.054,-5.335,-0.118,7.335
4.057,-4.903,-0.628,7.061
4.06,-4.903,-0.628,7.061
4.063,-4.903,-0.628,7.061
4.066,-4.786,-1.177,7.728
4.069,-4.786,-1.177,7.728
4.072,-4.786,-1.177,7.728
4.075,-4.786,-1.177,7.728
4.078,-4.903,-1.255,7.61
4.081,-4.903,-1.255,7.61
4.084,-4.903,-1.255,7.61
4.087,-4.864,-1.255,7.61
4.09,-4.864,-1.255,7.61
4.093,-4.864,-1.255,7.61
4.097,-4.629,-1.373,7.728
4.1,-4.629,-1.373,7.728
4.103,-4.629,-1.373,7.728
4.106,-4.511,-1.138,8.081
4.109,-4.511,-1.138,8.081
4.112,-4.511,-1.138,8.081
4.115,-4.511,-1.138,8.081
4.118,-4.08,-1.059,7.649
4.121,-4.08,-1.059,7.649
4.124,-4.08,-1.059,7.649
4.127,-3.609,-0.706,8.159
4.13,-3.609,-0.706,8.159
4.133,-3.609,-0.706,8.159
4.136,-3.609,-1.138,7.178
4.14,-3.609,-1.138,7.178
4.143,-3.609,-1.138,7.178
4.146,-3.02,-0.745,7.649
4.148,-3.02,-0.745,7.649
4.151,-3.02,-0.745,7.649
4.154,-3.02,-0.745,7.649
4.157,-3.373,-1.138,8.081
4.16,-3.373,-1.138,8.081
4.163,-3.373,-1.138,8.081
4.166,-3.099,-1.177,8.002
4.169,-3.099,-1.177,8.002
4.172,-3.099,-1.177,8.002
4.175,-2.903,-1.177,7.728
4.178,-2.903,-1.177,7.728
4.182,-2.903,-1.177,7.728
4.185,-2.903,-1.177,7.728
4.188,-2.785,-1.059,7.649
4.191,-2.785,-1.059,7.649
4.194,-2.785,-1.059,7.649
4.197,-2.628,-0.863,7.375
4.2,-2.628,-0.863,7.375
4.203,-2.628,-0.863,7.375
4.206,-2.628,-1.059,8.12
4.209,-2.628,-1.059,8.12
4.212,-2.628,-1.059,8.12
4.215,-2.511,-1.255,7.885
4.218,-2.511,-1.255,7.885
4.221,-2.511,-1.255,7.885
4.225,-2.511,-1.255,7.885
4.228,-2.275,-1.255,8.198
4.231,-2.275,-1.255,8.198
4.234,-2.275,-1.255,8.198
4.237,-2.471,-1.726,8.865
4.24,-2.471,-1.726,8.865
4.243,-2.471,-1.726,8.865
4.246,-2.04,-1.569,8.041
4.249,-2.04,-1.569,8.041
4.252,-2.04,-1.569,8.041
4.255,-2.04,-1.569,8.041
4.258,-2.197,-1.569,8.316
4.261,-2.197,-1.569,8.316
4.264,-2.197,-1.569,8.316
4.268,-2.04,-1.648,8.159
4.271,-2.04,-1.648,8.159
4.274,-2.04,-1.648,8.159
4.277,-2.001,-1.53,8.198
4.28,-2.001,-1.53,8.198
4.283,-2.001,-1.53,8.198
4.285,-1.844,-1.412,7.806
4.288,-1.844,-1.412,7.806
4.291,-1.844,-1.412,7.806
4.294,-1.844,-1.412,7.806
4.297,-1.804,-1.059,8.002
4.3,-1.804,-1.059,8.002
4.303,-1.804,-1.059,8.002
4.306,-1.844,-1.373,8.473
4.31,-1.844,-1.373,8.473
4.313,-1.844,-1.373,8.473
4.316,-1.608,-1.53,8.591
4.319,-1.608,-1.53,8.591
4.322,-1.608,-1.53,8.591
4.325,-1.648,-1.491,8.669
4.328,-1.648,-1.491,8.669
4.331,-1.648,-1.491,8.669
4.334,-1.648,-1.491,8.669
4.337,-1.569,-1.373,8.512
4.34,-1.569,-1.373,8.512
4.343,-1.569,-1.373,8.512
4.346,-1.608,-1.177,8.434
4.349,-1.608,-1.177,8.434
4.353,-1.608,-1.177,8.434
4.356,-1.569,-1.098,8.394
4.359,-1.569,-1.098,8.394
4.362,-1.569,-1.098,8.394
4.365,-1.569,-1.098,8.394
4.368,-1.608,-1.098,8.355
4.371,-1.608,-1.098,8.355
4.374,-1.608,-1.098,8.355
4.377,-1.569,-0.941,8.551
4.38,-1.569,-0.941,8.551
4.383,-1.569,-0.941,8.551
4.386,-1.648,-0.745,8.669
4.389,-1.648,-0.745,8.669
4.392,-1.648,-0.745,8.669
4.396,-1.608,-0.549,8.944
4.399,-1.608,-0.549,8.944
4.402,-1.608,-0.549,8.944
4.405,-1.608,-0.549,8.944
4.408,-1.687,-0.471,9.257
4.411,-1.687,-0.471,9.257
4.414,-1.687,-0.471,9.257
4.416,-1.648,-0.785,9.375
4.419,-1.648,-0.785,9.375
4.422,-1.648,-0.785,9.375
4.425,-1.491,-1.216,9.414
4.428,-1.491,-1.216,9.414
4.431,-1.491,-1.216,9.414
4.434,-1.373,-1.412,9.297
4.438,-1.373,-1.412,9.297
4.441,-1.373,-1.412,9.297
4.444,-1.373,-1.412,9.297
4.447,-1.53,-1.098,9.179
4.45,-1.53,-1.098,9.179
4.453,-1.53,-1.098,9.179
4.456,-1.53,-0.785,8.944
4.459,-1.53,-0.785,8.944
4.462,-1.53,-0.785,8.944
4.465,-1.648,-0.667,8.983
4.468,-1.648,-0.667,8.983
4.471,-1.648,-0.667,8.983
4.474,-1.648,-0.667,8.983
4.477,-1.53,-0.824,9.179
4.481,-1.53,-0.824,9.179
4.484,-1.53,-0.824,9.179
4.487,-1.608,-0.706,9.414
4.49,-1.608,-0.706,9.414
4.493,-1.608,-0.706,9.414
4.496,-1.648,-0.706,9.689
4.499,-1.648,-0.706,9.689
4.502,-1.648,-0.706,9.689
4.505,-1.608,-0.981,9.689
4.508,-1.608,-0.981,9.689
4.511,-1.608,-0.981,9.689
4.514,-1.608,-0.981,9.689
4.517,-1.569,-1.059,9.493
4.52,-1.569,-1.059,9.493
4.524,-1.569,-1.059,9.493
4.527,-1.608,-0.785,9.257
4.53,-1.608,-0.785,9.257
4.533,-1.608,-0.785,9.257
4.536,-1.569,-0.745,9.257
4.539,-1.569,-0.745,9.257
4.542,-1.569,-0.745,9.257
4.545,-1.569,-0.745,9.257
4.548,-1.648,-0.706,9.493
4.55,-1.648,-0.706,9.493
4.553,-1.648,-0.706,9.493
4.556,-1.648,-0.745,9.532
4.559,-1.648,-0.745,9.532
4.562,-1.648,-0.745,9.532
4.566,-1.608,-0.667,9.375
4.569,-1.608,-0.667,9.375
4.572,-1.608,-0.667,9.375
4.575,-1.687,-0.431,9.061
4.578,-1.687,-0.431,9.061
4.581,-1.687,-0.431,9.061
4.584,-1.687,-0.431,9.061
4.587,-1.687,-0.392,8.865
4.59,-1.687,-0.392,8.865
4.593,-1.687,-0.392,8.865
4.596,-1.687,-0.431,8.826
4.599,-1.687,-0.431,8.826
4.602,-1.687,-0.431,8.826
4.605,-1.687,-0.314,9.061
4.609,-1.687,-0.314,9.061
4.612,-1.687,-0.314,9.061
4.615,-1.687,-0.314,9.061
4.618,-1.648,-0.235,9.375
4.621,-1.648,-0.235,9.375
4.624,-1.648,-0.235,9.375
4.627,-1.608,-0.314,9.611
4.63,-1.608,-0.314,9.611
4.633,-1.608,-0.314,9.611
4.636,-1.648,-0.392,9.532
4.639,-1.648,-0.392,9.532
4.642,-1.648,-0.392,9.532
4.645,-1.648,-0.314,9.375
4.648,-1.648,-0.314,9.375
4.652,-1.648,-0.314,9.375
4.655,-1.648,-0.314,9.375
4.658,-1.608,-0.235,9.218
4.661,-1.608,-0.235,9.218
4.664,-1.608,-0.235,9.218
4.667,-1.608,-0.353,9.101
4.67,-1.608,-0.353,9.101
4.673,-1.608,-0.353,9.101
4.676,-1.608,-0.275,8.944
